,layer_idx,sample_idx,pre_activations,post_activations,std
0,0,0,"[ 1.  2.  1.  0. -1. -2. -3. -4. -5. -6. -7. -8.  2.  1.  0. -1. -2. -3.
 -4. -5. -6. -7. -8.  3.  2.  1.  0. -1. -2. -3. -4. -5. -6. -7.  2.  1.
  0. -1. -2. -3. -4. -5. -6. -7. -8.  3.  2.  1.  0. -1. -2. -3. -4. -5.
 -6. -7.  3.  2.  1.  0. -1. -2. -3. -4. -5. -6. -7.  3.  2.  1.  0. -1.
 -2. -3. -4. -5. -6. -7.  3.  2.  1.  0. -1. -2. -3. -4. -5. -6. -7.  3.
  2.  1.  0. -1. -2. -3. -4. -5. -6. -7.  3.  2.  1.  0. -1. -2. -3. -4.
 -5. -6. -7.  4.  3.  2.  1.  0. -1. -2. -3. -4. -5. -6.  4.  3.  2.  1.
  0. -1. -2. -3. -4. -5. -6.  5.  4.  3.  2.  1.  0. -1. -2. -3. -4. -5.
  4.  3.  2.  1.  0. -1. -2. -3. -4. -5. -6.  4.  3.  2.  1.  0. -1. -2.
 -3. -4. -5. -6.  5.  4.  3.  2.  1.  0. -1. -2. -3. -4. -5.  5.  4.  3.
  2.  1.  0. -1. -2. -3. -4. -5.  4.  3.  2.  1.  0. -1. -2. -3. -4. -5.
 -6.  4.  3.  2.  1.  0. -1. -2. -3. -4. -5. -6.  3.  2.  1.  0. -1. -2.
 -3. -4. -5. -6. -7.  4.  3.  2.  1.  0. -1. -2. -3. -4. -5. -6.  3.  2.
  1.  0. -1. -2. -3. -4. -5. -6. -7.  2.  1.  0. -1. -2. -3. -4. -5. -6.
 -7. -8.  2.  1.  0. -1. -2. -3. -4. -5. -6. -7. -8.  2.  1.  0. -1. -2.
 -3. -4. -5. -6. -7. -8.  3.  2.  1.  0. -1. -2. -3. -4. -5. -6. -7.  2.
  1.  0. -1. -2. -3. -4. -5. -6. -7. -8.  2.  1.  0. -1. -2. -3. -4. -5.
 -6. -7. -8.  3.  2.  1.  0. -1. -2. -3. -4. -5. -6. -7.  4.  3.  2.  1.
  0. -1. -2. -3. -4. -5. -6.  3.  2.  1.  0. -1. -2. -3. -4. -5. -6. -7.
  3.  2.  1.  0. -1. -2. -3. -4. -5. -6. -7.  3.  2.  1.  0. -1. -2. -3.
 -4. -5. -6. -7.  3.  2.  1.  0. -1. -2. -3. -4. -5. -6. -7.  4.  3.  2.
  1.  0. -1. -2. -3. -4. -5. -6.  3.  2.  1.  0. -1. -2. -3. -4. -5. -6.
 -7.  3.  2.  1.  0. -1. -2. -3. -4. -5. -6. -7.  4.  3.  2.  1.  0. -1.
 -2. -3. -4. -5. -6.  4.  3.  2.  1.  0. -1. -2. -3. -4. -5. -6.  1.  0.
 -1. -2. -3. -4. -5. -6. -7. -8. -9.  1.  0. -1. -2. -3. -4. -5. -6. -7.
 -8. -9.  1.  0. -1. -2. -3. -4. -5. -6. -7. -8. -9.  3.  2.  1.  0. -1.
 -2. -3. -4. -5. -6. -7.  1.  0. -1. -2. -3. -4. -5. -6. -7. -8. -9.  2.
  1.  0. -1. -2. -3. -4. -5. -6. -7. -8.  2.  1.  0. -1. -2. -3. -4. -5.
 -6. -7. -8.  2.  1.  0. -1. -2. -3. -4. -5. -6. -7. -8.  1.  0. -1. -2.
 -3. -4. -5. -6. -7. -8. -9.  1.  0. -1. -2. -3. -4. -5. -6. -7. -8. -9.
  2.  1.  0. -1. -2. -3. -4. -5. -6. -7. -8.]","[1. 1. 1. 0. 0. 0. 0. 0. 0. 0. 0. 0. 1. 1. 0. 0. 0. 0. 0. 0. 0. 0. 0. 1.
 1. 1. 0. 0. 0. 0. 0. 0. 0. 0. 1. 1. 0. 0. 0. 0. 0. 0. 0. 0. 0. 1. 1. 1.
 0. 0. 0. 0. 0. 0. 0. 0. 1. 1. 1. 0. 0. 0. 0. 0. 0. 0. 0. 1. 1. 1. 0. 0.
 0. 0. 0. 0. 0. 0. 1. 1. 1. 0. 0. 0. 0. 0. 0. 0. 0. 1. 1. 1. 0. 0. 0. 0.
 0. 0. 0. 0. 1. 1. 1. 0. 0. 0. 0. 0. 0. 0. 0. 1. 1. 1. 1. 0. 0. 0. 0. 0.
 0. 0. 1. 1. 1. 1. 0. 0. 0. 0. 0. 0. 0. 1. 1. 1. 1. 1. 0. 0. 0. 0. 0. 0.
 1. 1. 1. 1. 0. 0. 0. 0. 0. 0. 0. 1. 1. 1. 1. 0. 0. 0. 0. 0. 0. 0. 1. 1.
 1. 1. 1. 0. 0. 0. 0. 0. 0. 1. 1. 1. 1. 1. 0. 0. 0. 0. 0. 0. 1. 1. 1. 1.
 0. 0. 0. 0. 0. 0. 0. 1. 1. 1. 1. 0. 0. 0. 0. 0. 0. 0. 1. 1. 1. 0. 0. 0.
 0. 0. 0. 0. 0. 1. 1. 1. 1. 0. 0. 0. 0. 0. 0. 0. 1. 1. 1. 0. 0. 0. 0. 0.
 0. 0. 0. 1. 1. 0. 0. 0. 0. 0. 0. 0. 0. 0. 1. 1. 0. 0. 0. 0. 0. 0. 0. 0.
 0. 1. 1. 0. 0. 0. 0. 0. 0. 0. 0. 0. 1. 1. 1. 0. 0. 0. 0. 0. 0. 0. 0. 1.
 1. 0. 0. 0. 0. 0. 0. 0. 0. 0. 1. 1. 0. 0. 0. 0. 0. 0. 0. 0. 0. 1. 1. 1.
 0. 0. 0. 0. 0. 0. 0. 0. 1. 1. 1. 1. 0. 0. 0. 0. 0. 0. 0. 1. 1. 1. 0. 0.
 0. 0. 0. 0. 0. 0. 1. 1. 1. 0. 0. 0. 0. 0. 0. 0. 0. 1. 1. 1. 0. 0. 0. 0.
 0. 0. 0. 0. 1. 1. 1. 0. 0. 0. 0. 0. 0. 0. 0. 1. 1. 1. 1. 0. 0. 0. 0. 0.
 0. 0. 1. 1. 1. 0. 0. 0. 0. 0. 0. 0. 0. 1. 1. 1. 0. 0. 0. 0. 0. 0. 0. 0.
 1. 1. 1. 1. 0. 0. 0. 0. 0. 0. 0. 1. 1. 1. 1. 0. 0. 0. 0. 0. 0. 0. 1. 0.
 0. 0. 0. 0. 0. 0. 0. 0. 0. 1. 0. 0. 0. 0. 0. 0. 0. 0. 0. 0. 1. 0. 0. 0.
 0. 0. 0. 0. 0. 0. 0. 1. 1. 1. 0. 0. 0. 0. 0. 0. 0. 0. 1. 0. 0. 0. 0. 0.
 0. 0. 0. 0. 0. 1. 1. 0. 0. 0. 0. 0. 0. 0. 0. 0. 1. 1. 0. 0. 0. 0. 0. 0.
 0. 0. 0. 1. 1. 0. 0. 0. 0. 0. 0. 0. 0. 0. 1. 0. 0. 0. 0. 0. 0. 0. 0. 0.
 0. 1. 0. 0. 0. 0. 0. 0. 0. 0. 0. 0. 1. 1. 0. 0. 0. 0. 0. 0. 0. 0. 0.]",0.0
1,1,0,"[1. 0. 0. 1. 0. 1. 1. 1. 1. 1. 1. 0. 0. 1. 0. 0. 1. 1. 0. 0. 1. 0. 1. 0.
 0. 0. 1. 0. 0. 1. 0. 1. 1. 1. 1. 0. 1. 1. 0. 0. 1. 1. 1. 1. 1. 0. 0. 0.
 1. 1. 0.]","[1. 0. 0. 1. 0. 1. 1. 1. 1. 1. 1. 0. 0. 1. 0. 0. 1. 1. 0. 0. 1. 0. 1. 0.
 0. 0. 1. 0. 0. 1. 0. 1. 1. 1. 1. 0. 1. 1. 0. 0. 1. 1. 1. 1. 1. 0. 0. 0.
 1. 1. 0.]",0.0
2,2,0,"[ 1.  0. -1.  0. -1.  0. -1.  0.  0. -1. -1.  0.  0. -1.  0.  0.  0. -1.
  1.  0.  1.  0.  0.  1.  1. -1.  0.  0.  0.  0.  1. -1. -1.  0.  0.  1.
  0.  0.  1.  1.  0.  0.  1.  0.  1. -1.  1.  0.  0.  0.  0.  0.  0.  1.
  0.  1.  1.  1.  1.  1.  1.  0.  0.  1.  0.  0.  1.  1.  0.  0.  1.  0.
  1.  0.  0.  0.  1.  0.  0.  1.  0.  1.  1.  1.  1.  0.  1.  1.  0.  0.
  1.  1.  1.  1.  1.  0.  0.  0.  1.  1.  0.]","[1. 0. 0. 0. 0. 0. 0. 0. 0. 0. 0. 0. 0. 0. 0. 0. 0. 0. 1. 0. 1. 0. 0. 1.
 1. 0. 0. 0. 0. 0. 1. 0. 0. 0. 0. 1. 0. 0. 1. 1. 0. 0. 1. 0. 1. 0. 1. 0.
 0. 0. 0. 0. 0. 1. 0. 1. 1. 1. 1. 1. 1. 0. 0. 1. 0. 0. 1. 1. 0. 0. 1. 0.
 1. 0. 0. 0. 1. 0. 0. 1. 0. 1. 1. 1. 1. 0. 1. 1. 0. 0. 1. 1. 1. 1. 1. 0.
 0. 0. 1. 1. 0.]",0.0
3,3,0,"[ 1.  1.  0.  1.  0.  0. -1.  1.  0.  1.  0.  0. -1.  1.  0.  0. -1.  1.
  0.  1.  0.  1.  0.  1.  0.  0. -1.  1.  0.  1.  0.  1.  0.  0. -1.  2.
  1.  0. -1.  2.  1.  0. -1.  0. -1.  1.  0.  2.  1.  0. -1.  1.  0.  1.
  0.  1.  0.  0. -1.  1.  0.  1.  0.  1.  0.  1.  0.  0. -1.  2.  1.  0.
 -1.  0. -1.  1.  0.  1.  0.  1.  0.  1.  0.  1.  0.  0. -1.  1.  0.  0.
 -1.  1.  0.  1.  0.  1.  0.  1.  0.  0. -1.]","[1. 1. 0. 1. 0. 0. 0. 1. 0. 1. 0. 0. 0. 1. 0. 0. 0. 1. 0. 1. 0. 1. 0. 1.
 0. 0. 0. 1. 0. 1. 0. 1. 0. 0. 0. 1. 1. 0. 0. 1. 1. 0. 0. 0. 0. 1. 0. 1.
 1. 0. 0. 1. 0. 1. 0. 1. 0. 0. 0. 1. 0. 1. 0. 1. 0. 1. 0. 0. 0. 1. 1. 0.
 0. 0. 0. 1. 0. 1. 0. 1. 0. 1. 0. 1. 0. 0. 0. 1. 0. 0. 0. 1. 0. 1. 0. 1.
 0. 1. 0. 0. 0.]",0.0
4,4,0,"[1. 1. 1. 0. 1. 1. 0. 1. 0. 1. 1. 1. 1. 0. 1. 1. 1. 0. 0. 0. 0. 0. 0. 1.
 0. 0. 1. 1. 1. 0. 1. 1. 1. 1. 0. 0. 0. 0. 1. 1. 1. 1. 1. 0. 1. 0. 1. 1.
 1. 1. 0.]","[1. 1. 1. 0. 1. 1. 0. 1. 0. 1. 1. 1. 1. 0. 1. 1. 1. 0. 0. 0. 0. 0. 0. 1.
 0. 0. 1. 1. 1. 0. 1. 1. 1. 1. 0. 0. 0. 0. 1. 1. 1. 1. 1. 0. 1. 0. 1. 1.
 1. 1. 0.]",0.0
5,5,0,"[ 1.  1.  7.  6.  5.  4.  3.  2.  1.  0. -1. -2. -3.  7.  6.  5.  4.  3.
  2.  1.  0. -1. -2. -3.  6.  5.  4.  3.  2.  1.  0. -1. -2. -3. -4.  7.
  6.  5.  4.  3.  2.  1.  0. -1. -2. -3.  9.  8.  7.  6.  5.  4.  3.  2.
  1.  0. -1.  8.  7.  6.  5.  4.  3.  2.  1.  0. -1. -2.  9.  8.  7.  6.
  5.  4.  3.  2.  1.  0. -1.  5.  4.  3.  2.  1.  0. -1. -2. -3. -4. -5.
  6.  5.  4.  3.  2.  1.  0. -1. -2. -3. -4.  5.  4.  3.  2.  1.  0. -1.
 -2. -3. -4. -5.  6.  5.  4.  3.  2.  1.  0. -1. -2. -3. -4.  5.  4.  3.
  2.  1.  0. -1. -2. -3. -4. -5.  8.  7.  6.  5.  4.  3.  2.  1.  0. -1.
 -2.  7.  6.  5.  4.  3.  2.  1.  0. -1. -2. -3.  9.  8.  7.  6.  5.  4.
  3.  2.  1.  0. -1.  9.  8.  7.  6.  5.  4.  3.  2.  1.  0. -1.  8.  7.
  6.  5.  4.  3.  2.  1.  0. -1. -2.  9.  8.  7.  6.  5.  4.  3.  2.  1.
  0. -1.  9.  8.  7.  6.  5.  4.  3.  2.  1.  0. -1.  7.  6.  5.  4.  3.
  2.  1.  0. -1. -2. -3.  8.  7.  6.  5.  4.  3.  2.  1.  0. -1. -2.  8.
  7.  6.  5.  4.  3.  2.  1.  0. -1. -2.  8.  7.  6.  5.  4.  3.  2.  1.
  0. -1. -2.  7.  6.  5.  4.  3.  2.  1.  0. -1. -2. -3.  9.  8.  7.  6.
  5.  4.  3.  2.  1.  0. -1.  9.  8.  7.  6.  5.  4.  3.  2.  1.  0. -1.
  8.  7.  6.  5.  4.  3.  2.  1.  0. -1. -2.  8.  7.  6.  5.  4.  3.  2.
  1.  0. -1. -2.  9.  8.  7.  6.  5.  4.  3.  2.  1.  0. -1.  5.  4.  3.
  2.  1.  0. -1. -2. -3. -4. -5.  5.  4.  3.  2.  1.  0. -1. -2. -3. -4.
 -5.  5.  4.  3.  2.  1.  0. -1. -2. -3. -4. -5.  5.  4.  3.  2.  1.  0.
 -1. -2. -3. -4. -5.  6.  5.  4.  3.  2.  1.  0. -1. -2. -3. -4.  6.  5.
  4.  3.  2.  1.  0. -1. -2. -3. -4.  5.  4.  3.  2.  1.  0. -1. -2. -3.
 -4. -5.  6.  5.  4.  3.  2.  1.  0. -1. -2. -3. -4.  6.  5.  4.  3.  2.
  1.  0. -1. -2. -3. -4.  8.  7.  6.  5.  4.  3.  2.  1.  0. -1. -2.  1.
  1.  0.  1.  1.  0.  1.  1.  1.  0.  1.  1.  1.  0.  0.  0.  0.  0.  1.
  0.  1.  1.  1.  0.  0.  0.  0.  1.  1.  1.  0.  1.  1.  0.]","[1. 1. 1. 1. 1. 1. 1. 1. 1. 0. 0. 0. 0. 1. 1. 1. 1. 1. 1. 1. 0. 0. 0. 0.
 1. 1. 1. 1. 1. 1. 0. 0. 0. 0. 0. 1. 1. 1. 1. 1. 1. 1. 0. 0. 0. 0. 1. 1.
 1. 1. 1. 1. 1. 1. 1. 0. 0. 1. 1. 1. 1. 1. 1. 1. 1. 0. 0. 0. 1. 1. 1. 1.
 1. 1. 1. 1. 1. 0. 0. 1. 1. 1. 1. 1. 0. 0. 0. 0. 0. 0. 1. 1. 1. 1. 1. 1.
 0. 0. 0. 0. 0. 1. 1. 1. 1. 1. 0. 0. 0. 0. 0. 0. 1. 1. 1. 1. 1. 1. 0. 0.
 0. 0. 0. 1. 1. 1. 1. 1. 0. 0. 0. 0. 0. 0. 1. 1. 1. 1. 1. 1. 1. 1. 0. 0.
 0. 1. 1. 1. 1. 1. 1. 1. 0. 0. 0. 0. 1. 1. 1. 1. 1. 1. 1. 1. 1. 0. 0. 1.
 1. 1. 1. 1. 1. 1. 1. 1. 0. 0. 1. 1. 1. 1. 1. 1. 1. 1. 0. 0. 0. 1. 1. 1.
 1. 1. 1. 1. 1. 1. 0. 0. 1. 1. 1. 1. 1. 1. 1. 1. 1. 0. 0. 1. 1. 1. 1. 1.
 1. 1. 0. 0. 0. 0. 1. 1. 1. 1. 1. 1. 1. 1. 0. 0. 0. 1. 1. 1. 1. 1. 1. 1.
 1. 0. 0. 0. 1. 1. 1. 1. 1. 1. 1. 1. 0. 0. 0. 1. 1. 1. 1. 1. 1. 1. 0. 0.
 0. 0. 1. 1. 1. 1. 1. 1. 1. 1. 1. 0. 0. 1. 1. 1. 1. 1. 1. 1. 1. 1. 0. 0.
 1. 1. 1. 1. 1. 1. 1. 1. 0. 0. 0. 1. 1. 1. 1. 1. 1. 1. 1. 0. 0. 0. 1. 1.
 1. 1. 1. 1. 1. 1. 1. 0. 0. 1. 1. 1. 1. 1. 0. 0. 0. 0. 0. 0. 1. 1. 1. 1.
 1. 0. 0. 0. 0. 0. 0. 1. 1. 1. 1. 1. 0. 0. 0. 0. 0. 0. 1. 1. 1. 1. 1. 0.
 0. 0. 0. 0. 0. 1. 1. 1. 1. 1. 1. 0. 0. 0. 0. 0. 1. 1. 1. 1. 1. 1. 0. 0.
 0. 0. 0. 1. 1. 1. 1. 1. 0. 0. 0. 0. 0. 0. 1. 1. 1. 1. 1. 1. 0. 0. 0. 0.
 0. 1. 1. 1. 1. 1. 1. 0. 0. 0. 0. 0. 1. 1. 1. 1. 1. 1. 1. 1. 0. 0. 0. 1.
 1. 0. 1. 1. 0. 1. 1. 1. 0. 1. 1. 1. 0. 0. 0. 0. 0. 1. 0. 1. 1. 1. 0. 0.
 0. 0. 1. 1. 1. 0. 1. 1. 0.]",0.0
6,6,0,"[ 1.  6.  5.  4.  3.  2.  1.  0. -1. -2. -3. -4.  6.  5.  4.  3.  2.  1.
  0. -1. -2. -3. -4.  6.  5.  4.  3.  2.  1.  0. -1. -2. -3. -4.  6.  5.
  4.  3.  2.  1.  0. -1. -2. -3. -4.  6.  5.  4.  3.  2.  1.  0. -1. -2.
 -3. -4.  5.  4.  3.  2.  1.  0. -1. -2. -3. -4. -5.  6.  5.  4.  3.  2.
  1.  0. -1. -2. -3. -4.  5.  4.  3.  2.  1.  0. -1. -2. -3. -4. -5.  6.
  5.  4.  3.  2.  1.  0. -1. -2. -3. -4.  6.  5.  4.  3.  2.  1.  0. -1.
 -2. -3. -4.  6.  5.  4.  3.  2.  1.  0. -1. -2. -3. -4.  1.  1.  0.  1.
  1.  0.  1.  1.  0.  1.  0.  1.  0.  1.  1.  1.  0.  1.  1.  1.  0.  0.
  0.  1.  1.  1.  0.  0.  1.  1.  1.  1.  1.  0.  0.  1.  0.  0.  0.]","[1. 1. 1. 1. 1. 1. 1. 0. 0. 0. 0. 0. 1. 1. 1. 1. 1. 1. 0. 0. 0. 0. 0. 1.
 1. 1. 1. 1. 1. 0. 0. 0. 0. 0. 1. 1. 1. 1. 1. 1. 0. 0. 0. 0. 0. 1. 1. 1.
 1. 1. 1. 0. 0. 0. 0. 0. 1. 1. 1. 1. 1. 0. 0. 0. 0. 0. 0. 1. 1. 1. 1. 1.
 1. 0. 0. 0. 0. 0. 1. 1. 1. 1. 1. 0. 0. 0. 0. 0. 0. 1. 1. 1. 1. 1. 1. 0.
 0. 0. 0. 0. 1. 1. 1. 1. 1. 1. 0. 0. 0. 0. 0. 1. 1. 1. 1. 1. 1. 0. 0. 0.
 0. 0. 1. 1. 0. 1. 1. 0. 1. 1. 0. 1. 0. 1. 0. 1. 1. 1. 0. 1. 1. 1. 0. 0.
 0. 1. 1. 1. 0. 0. 1. 1. 1. 1. 1. 0. 0. 1. 0. 0. 0.]",0.0
7,7,0,"[ 1.  0.  0.  0.  0.  0.  1.  0.  1.  0.  0.  0.  0. -1.  1. -1. -1.  0.
  1.  1.  0.  0. -1.  0. -1.  0.  0.  0.  0. -1.  0.  0.  0.  1.  1. -1.
  0.  0.  0. -1.  1.  1.  1.  0.  1.  1.  0.  1.  1.  0.  1.  0.  1.  0.
  1.  1.  1.  0.  1.  1.  1.  0.  0.  0.  1.  1.  1.  0.  0.  1.  1.  1.
  1.  1.  0.  0.  1.  0.  0.  0.]","[1. 0. 0. 0. 0. 0. 1. 0. 1. 0. 0. 0. 0. 0. 1. 0. 0. 0. 1. 1. 0. 0. 0. 0.
 0. 0. 0. 0. 0. 0. 0. 0. 0. 1. 1. 0. 0. 0. 0. 0. 1. 1. 1. 0. 1. 1. 0. 1.
 1. 0. 1. 0. 1. 0. 1. 1. 1. 0. 1. 1. 1. 0. 0. 0. 1. 1. 1. 0. 0. 1. 1. 1.
 1. 1. 0. 0. 1. 0. 0. 0.]",0.0
8,8,0,"[ 1. -1.  0.  1. -1. -1.  1.  0.  0.  0.  1.  0.  1. -1.  0.  0. -1.  1.
  0.  1.  0.  1.  0. -1.  0. -1.  1.  0.  0. -1.  1.  0.  0. -1.  1.  0.
  1.  0.  1.  0.  0. -1.  1.  0.  0. -1.  1.  0.  0. -1.  1.  0.  1.  0.
  1.  0.  1.  0.  0. -1.  1.  0.  0. -1.  1.  0.  2.  1.  1.  0.  1.  0.
  0. -1.  0. -1.  0. -1.  2.  1.  1.  1.  1.  1.  0.  1.  1.  0.  1.  1.
  0.  1.  1.  1.  0.  0.  0.  0.  0.  1.  0.]","[1. 0. 0. 1. 0. 0. 1. 0. 0. 0. 1. 0. 1. 0. 0. 0. 0. 1. 0. 1. 0. 1. 0. 0.
 0. 0. 1. 0. 0. 0. 1. 0. 0. 0. 1. 0. 1. 0. 1. 0. 0. 0. 1. 0. 0. 0. 1. 0.
 0. 0. 1. 0. 1. 0. 1. 0. 1. 0. 0. 0. 1. 0. 0. 0. 1. 0. 1. 1. 1. 0. 1. 0.
 0. 0. 0. 0. 0. 0. 1. 1. 1. 1. 1. 1. 0. 1. 1. 0. 1. 1. 0. 1. 1. 1. 0. 0.
 0. 0. 0. 1. 0.]",0.0
9,9,0,"[ 1.  0. -1.  1.  0.  2.  1.  1.  0.  1.  0.  2.  1.  0. -1.  0. -1.  1.
  0.  1.  0.  0. -1.  2.  1.  0. -1.  1.  0.  1.  0.  0. -1.  2.  1.  1.
  0.  1.  0.  1.  0.  1.  0.  0.  0.  1.  0.  1.  0.  1.  1.  1.  0.  1.
  0.  1.  0.  1.  1.  1.  1.  0.  1.  0.  1.  0.  1.  1.  0.  0.  0.  0.]","[1. 0. 0. 1. 0. 1. 1. 1. 0. 1. 0. 1. 1. 0. 0. 0. 0. 1. 0. 1. 0. 0. 0. 1.
 1. 0. 0. 1. 0. 1. 0. 0. 0. 1. 1. 1. 0. 1. 0. 1. 0. 1. 0. 0. 0. 1. 0. 1.
 0. 1. 1. 1. 0. 1. 0. 1. 0. 1. 1. 1. 1. 0. 1. 0. 1. 0. 1. 1. 0. 0. 0. 0.]",0.0
10,10,0,"[1. 0. 1. 0. 1. 1. 0. 0. 0. 1. 1. 0. 0. 0. 1. 1. 0. 0. 1. 1. 1. 1. 0. 0.
 0. 1. 0. 1. 0. 1. 1. 1. 0. 1. 0. 1. 0. 1. 1. 1. 0. 1. 0. 1. 0. 1. 1. 0.
 0. 0. 0.]","[1. 0. 1. 0. 1. 1. 0. 0. 0. 1. 1. 0. 0. 0. 1. 1. 0. 0. 1. 1. 1. 1. 0. 0.
 0. 1. 0. 1. 0. 1. 1. 1. 0. 1. 0. 1. 0. 1. 1. 1. 0. 1. 0. 1. 0. 1. 1. 0.
 0. 0. 0.]",0.0
11,11,0,"[ 1.  1.  5.  4.  3.  2.  1.  0. -1. -2. -3. -4. -5.  6.  5.  4.  3.  2.
  1.  0. -1. -2. -3. -4.  5.  4.  3.  2.  1.  0. -1. -2. -3. -4. -5.  7.
  6.  5.  4.  3.  2.  1.  0. -1. -2. -3.  5.  4.  3.  2.  1.  0. -1. -2.
 -3. -4. -5.  4.  3.  2.  1.  0. -1. -2. -3. -4. -5. -6.  6.  5.  4.  3.
  2.  1.  0. -1. -2. -3. -4.  0.  0.  1.  0.  1.  0.  1.  1.  0.  0.  1.
  0.  0.  0.  0.  1.  1.  0.  1.  0.  0.  1.  1.  1.  1.  1.]","[1. 1. 1. 1. 1. 1. 1. 0. 0. 0. 0. 0. 0. 1. 1. 1. 1. 1. 1. 0. 0. 0. 0. 0.
 1. 1. 1. 1. 1. 0. 0. 0. 0. 0. 0. 1. 1. 1. 1. 1. 1. 1. 0. 0. 0. 0. 1. 1.
 1. 1. 1. 0. 0. 0. 0. 0. 0. 1. 1. 1. 1. 0. 0. 0. 0. 0. 0. 0. 1. 1. 1. 1.
 1. 1. 0. 0. 0. 0. 0. 0. 0. 1. 0. 1. 0. 1. 1. 0. 0. 1. 0. 0. 0. 0. 1. 1.
 0. 1. 0. 0. 1. 1. 1. 1. 1.]",0.0
12,12,0,"[ 1.  6.  5.  4.  3.  2.  1.  0. -1. -2. -3. -4.  4.  3.  2.  1.  0. -1.
 -2. -3. -4. -5. -6.  7.  6.  5.  4.  3.  2.  1.  0. -1. -2. -3.  1.  0.
  1.  1.  1.  0.  0.]","[1. 1. 1. 1. 1. 1. 1. 0. 0. 0. 0. 0. 1. 1. 1. 1. 0. 0. 0. 0. 0. 0. 0. 1.
 1. 1. 1. 1. 1. 1. 0. 0. 0. 0. 1. 0. 1. 1. 1. 0. 0.]",0.0
13,13,0,[ 1.  0.  0.  1.  1.  0. -1. -1.  1.  1.  0.  1.  1.  1.  0.  0.],[1. 0. 0. 1. 1. 0. 0. 0. 1. 1. 0. 1. 1. 1. 0. 0.],0.0
14,14,0,"[ 1.  1. -1.  0.  1. -1.  2.  1.  0. -1.  0. -1.  1.  0.  1.  0.  1.  0.
  1.  0.  1.]",[1. 1. 0. 0. 1. 0. 1. 1. 0. 0. 0. 0. 1. 0. 1. 0. 1. 0. 1. 0. 1.],0.0
15,15,0,[ 1.  2.  1.  0. -1.  1.  0.  2.  1.  0. -1.  0.  0.  0.  1.  1.],[1. 1. 1. 0. 0. 1. 0. 1. 1. 0. 0. 0. 0. 0. 1. 1.],0.0
16,16,0,[1. 0. 0. 1. 0. 0. 1. 0. 1. 0. 1. 2. 1. 1. 0.],[1. 0. 0. 1. 0. 0. 1. 0. 1. 0. 1. 1. 1. 1. 0.],0.0
17,17,0,"[ 1.  1.  1.  0.  2.  1.  0. -1.  0. -1.  1.  0.  1.  0.  1.  0.  1.  1.
  1.  0.]",[1. 1. 1. 0. 1. 1. 0. 0. 0. 0. 1. 0. 1. 0. 1. 0. 1. 1. 1. 0.],0.0
18,18,0,[1. 2. 1. 1. 0. 1. 0. 1. 1. 1. 0. 1. 0. 1. 1. 0. 0. 0. 0. 1. 0.],[1. 1. 1. 1. 0. 1. 0. 1. 1. 1. 0. 1. 0. 1. 1. 0. 0. 0. 0. 1. 0.],0.0
19,19,0,[1. 0. 1. 1. 1. 0. 1. 0. 0. 0. 1.],[1. 0. 1. 1. 1. 0. 1. 0. 0. 0. 1.],0.0
0,0,0,"[ 9.95078736e-01  2.00456501e+00  1.00134786e+00  1.31518975e-04
 -1.00124013e+00 -2.00154972e+00 -2.99898396e+00 -3.99788621e+00
 -5.00517415e+00 -5.99744595e+00 -7.00315357e+00 -7.99615233e+00
  1.99777424e+00  1.00098409e+00 -2.51233253e-03 -9.94268909e-01
 -1.99729446e+00 -2.99765650e+00 -4.00159919e+00 -4.99632103e+00
 -6.00172206e+00 -7.00178149e+00 -7.99761896e+00  2.99422770e+00
  1.99904438e+00  9.93494337e-01  3.66974141e-03 -9.99127665e-01
 -1.99778032e+00 -2.99470711e+00 -4.00287731e+00 -4.99829899e+00
 -5.99388427e+00 -7.00123009e+00  1.99849010e+00  1.00313676e+00
  1.91204176e-03 -9.94817427e-01 -2.00263666e+00 -3.00430954e+00
 -4.00098170e+00 -4.99692233e+00 -5.99713803e+00 -7.00282573e+00
 -8.00159855e+00  3.00061554e+00  2.00779777e+00  9.96623717e-01
 -1.63726677e-04 -1.00080895e+00 -1.99791003e+00 -3.00017060e+00
 -3.99806522e+00 -5.00070439e+00 -6.00305506e+00 -7.00118212e+00
  3.00388014e+00  1.99525515e+00  1.00245173e+00  2.91560270e-03
 -1.00576845e+00 -1.99962774e+00 -3.00408554e+00 -4.00063676e+00
 -4.99353862e+00 -5.99555137e+00 -6.99977634e+00  2.99722095e+00
  1.99966683e+00  1.00558788e+00  3.15370665e-03 -9.97101570e-01
 -1.99982934e+00 -2.99572554e+00 -3.99729258e+00 -5.00427678e+00
 -5.99442155e+00 -7.00440615e+00  3.00087414e+00  2.00089577e+00
  9.96145248e-01 -3.46472425e-03 -1.00448234e+00 -1.99877882e+00
 -3.01083040e+00 -3.99762663e+00 -5.00434153e+00 -6.00352089e+00
 -6.99722685e+00  3.00236893e+00  2.00518105e+00  1.00106179e+00
  3.62898711e-03 -9.99143315e-01 -2.00199417e+00 -3.00225227e+00
 -3.99927110e+00 -5.00358734e+00 -5.99837169e+00 -7.00357389e+00
  3.00182693e+00  1.99853692e+00  9.96690358e-01 -1.81648715e-03
 -9.96169926e-01 -2.00208485e+00 -3.00230648e+00 -3.99891282e+00
 -5.00164390e+00 -6.00110732e+00 -7.00372135e+00  3.99925014e+00
  2.99935541e+00  1.99786022e+00  1.00074378e+00 -2.26614756e-04
 -9.98160518e-01 -1.99995252e+00 -2.99665645e+00 -4.00037691e+00
 -4.99813801e+00 -6.00289506e+00  3.99925222e+00  3.00049670e+00
  1.99387852e+00  1.00279945e+00 -9.72932275e-04 -9.99988844e-01
 -2.00394361e+00 -3.00164251e+00 -4.00331423e+00 -5.00200310e+00
 -6.00368631e+00  5.00026337e+00  3.99841147e+00  3.00230814e+00
  2.00395601e+00  9.98675397e-01 -3.08601336e-03 -1.00208200e+00
 -2.00323630e+00 -3.00198976e+00 -4.00801967e+00 -4.99943095e+00
  4.00462449e+00  3.00516675e+00  2.00099120e+00  9.95826229e-01
 -3.68613588e-03 -9.97466798e-01 -1.99129864e+00 -3.00252893e+00
 -4.00195298e+00 -4.99842742e+00 -5.99834440e+00  4.00099682e+00
  3.00422591e+00  2.00137891e+00  1.00015193e+00  1.15875180e-03
 -1.00567741e+00 -1.99872854e+00 -3.00603958e+00 -4.00504818e+00
 -4.99933536e+00 -6.00565902e+00  5.00242878e+00  4.00139929e+00
  2.99827963e+00  2.00068766e+00  9.97530430e-01  5.72112872e-05
 -1.00520379e+00 -1.99711320e+00 -2.99547845e+00 -3.99314872e+00
 -4.99775712e+00  5.00121420e+00  3.99730641e+00  3.00004724e+00
  1.99658529e+00  9.93557848e-01 -4.00538022e-04 -1.00302631e+00
 -2.00078680e+00 -3.00278848e+00 -3.99954552e+00 -4.99521273e+00
  3.99271365e+00  2.99753121e+00  1.99556273e+00  1.00172025e+00
 -2.57905596e-03 -1.00170453e+00 -2.00108298e+00 -2.99788210e+00
 -4.00207450e+00 -4.99163961e+00 -5.99908399e+00  4.00284804e+00
  2.99529316e+00  1.99477554e+00  1.00097669e+00 -4.87027894e-03
 -1.00424054e+00 -2.00008435e+00 -3.00189631e+00 -3.99947442e+00
 -5.00179362e+00 -5.99839649e+00  2.99867956e+00  1.99529255e+00
  9.99763149e-01  3.21549721e-03 -9.99843469e-01 -2.00054712e+00
 -2.99758009e+00 -3.99796654e+00 -4.99766611e+00 -5.99721313e+00
 -7.00253943e+00  4.00315967e+00  3.00083894e+00  2.00118155e+00
  1.00022455e+00  1.91999654e-03 -1.00083175e+00 -2.00009943e+00
 -3.00213230e+00 -3.99140044e+00 -5.00295317e+00 -6.00692325e+00
  3.00279934e+00  1.99598407e+00  9.98617921e-01  6.54024853e-03
 -9.97945318e-01 -2.00087507e+00 -2.99690628e+00 -3.99528738e+00
 -4.99835805e+00 -6.00088171e+00 -6.99834330e+00  2.00036019e+00
  9.94384235e-01  4.26445265e-03 -9.96942089e-01 -2.00491398e+00
 -2.99870699e+00 -3.99936366e+00 -4.99849709e+00 -6.00508800e+00
 -7.00320838e+00 -8.00116364e+00  2.00193914e+00  9.96004921e-01
  2.99379114e-03 -1.00067403e+00 -1.99832894e+00 -2.99187540e+00
 -4.00344470e+00 -4.99918157e+00 -6.00793353e+00 -6.99760817e+00
 -8.00227028e+00  2.00120251e+00  9.95820568e-01  2.40416420e-03
 -9.98411702e-01 -2.00240283e+00 -2.99760071e+00 -3.99494341e+00
 -4.99814951e+00 -5.99329506e+00 -6.99258241e+00 -8.00094951e+00
  3.00000289e+00  2.00275856e+00  1.00693029e+00 -2.61301415e-03
 -9.96281570e-01 -2.00447752e+00 -3.00608632e+00 -4.00414525e+00
 -4.99616081e+00 -6.00088818e+00 -7.00098113e+00  2.00335030e+00
  1.00298522e+00 -3.61402140e-05 -9.96946976e-01 -1.99774377e+00
 -3.00033005e+00 -4.00203397e+00 -5.00010700e+00 -6.00129539e+00
 -7.00489975e+00 -7.99543168e+00  1.99498707e+00  1.00210360e+00
 -4.11715065e-03 -9.99407457e-01 -2.00389588e+00 -2.99876743e+00
 -3.99847646e+00 -4.99393796e+00 -5.99782891e+00 -6.99935746e+00
 -8.00049219e+00  3.00243769e+00  2.00133996e+00  9.94974275e-01
 -2.48945027e-03 -9.93822930e-01 -1.99782743e+00 -3.00256299e+00
 -4.00077625e+00 -5.00050749e+00 -5.99303819e+00 -7.00252331e+00
  4.00113125e+00  3.00020352e+00  1.99289927e+00  9.99743185e-01
 -6.06583849e-03 -1.00106461e+00 -2.00154405e+00 -2.99713591e+00
 -3.99867028e+00 -5.00380674e+00 -6.00247308e+00  3.00495997e+00
  2.00341468e+00  1.00358439e+00  1.13791609e-03 -1.00294774e+00
 -1.99863515e+00 -2.99956093e+00 -4.00452296e+00 -4.99595706e+00
 -5.99631046e+00 -7.00064392e+00  2.99943351e+00  2.00211878e+00
  9.96637419e-01 -2.72267403e-04 -9.96339116e-01 -2.00530318e+00
 -3.00814782e+00 -4.00311607e+00 -4.99745472e+00 -6.00137757e+00
 -7.00002166e+00  2.99903987e+00  2.00101738e+00  9.99651489e-01
 -1.06046864e-03 -1.00092201e+00 -1.99464376e+00 -2.99902557e+00
 -3.99844267e+00 -5.00144480e+00 -5.99940851e+00 -6.99884398e+00
  3.00184033e+00  1.99680907e+00  1.00448705e+00 -5.77237015e-03
 -9.99757632e-01 -1.99996028e+00 -2.99622459e+00 -3.99947977e+00
 -5.00128257e+00 -6.00170196e+00 -6.99374801e+00  3.99827082e+00
  2.99695886e+00  1.99847390e+00  1.00552142e+00  2.72521877e-04
 -9.98604861e-01 -1.99852237e+00 -2.99774882e+00 -3.99308393e+00
 -4.99548091e+00 -6.00015056e+00  3.00350589e+00  1.99563847e+00
  9.95907819e-01 -6.63423719e-04 -9.98968501e-01 -1.99781587e+00
 -2.99593846e+00 -4.00571005e+00 -5.00227256e+00 -5.99893366e+00
 -7.00057166e+00  3.00027738e+00  2.00036353e+00  1.00631317e+00
 -1.01097279e-03 -9.98429753e-01 -1.99639478e+00 -3.00658131e+00
 -4.00022111e+00 -5.00313561e+00 -6.00079341e+00 -6.99795985e+00
  4.00099041e+00  2.99767442e+00  1.99785868e+00  9.97887780e-01
  5.55863846e-03 -1.00478539e+00 -1.99508001e+00 -3.00111877e+00
 -3.99573978e+00 -5.00083877e+00 -6.00321639e+00  4.00046580e+00
  3.00192795e+00  2.00035002e+00  9.99517423e-01  3.63324204e-03
 -9.92915194e-01 -2.00018644e+00 -2.99692018e+00 -4.00286422e+00
 -4.99706109e+00 -5.99855455e+00  9.97556628e-01 -2.11565329e-03
 -1.00105623e+00 -2.00243262e+00 -2.99781097e+00 -3.99504651e+00
 -4.99641936e+00 -5.99964283e+00 -7.00454291e+00 -7.99855912e+00
 -8.99359270e+00  1.00346941e+00  2.91564619e-03 -1.00687447e+00
 -2.00779274e+00 -2.99887762e+00 -4.00180176e+00 -4.99947662e+00
 -6.00303899e+00 -6.99606665e+00 -7.99879061e+00 -9.00302958e+00
  9.92982025e-01 -4.79874131e-03 -1.00214674e+00 -1.99630260e+00
 -2.99757679e+00 -4.00266198e+00 -5.00029850e+00 -6.00383334e+00
 -7.00061481e+00 -8.00132835e+00 -8.99194267e+00  2.99846579e+00
  2.00379549e+00  1.00934055e+00 -3.78781597e-03 -1.00178929e+00
 -2.00181808e+00 -3.00614525e+00 -4.00059032e+00 -4.99931487e+00
 -5.99825467e+00 -7.00163949e+00  9.99041905e-01 -3.33170138e-03
 -1.00215810e+00 -2.00198351e+00 -2.99863790e+00 -3.99416358e+00
 -4.99842172e+00 -5.99942279e+00 -6.99850058e+00 -7.99459151e+00
 -8.99898828e+00  2.00233419e+00  9.96868449e-01 -5.31236971e-03
 -1.00288124e+00 -2.00400396e+00 -3.00233393e+00 -4.00384145e+00
 -4.99923102e+00 -5.99666897e+00 -7.00338801e+00 -7.99847192e+00
  1.99632336e+00  1.00211454e+00  1.24889746e-04 -9.98272933e-01
 -2.00533831e+00 -3.00065121e+00 -4.00277067e+00 -5.00204856e+00
 -5.99782096e+00 -7.00057046e+00 -8.00008700e+00  2.00107829e+00
  9.98496955e-01  1.66898045e-03 -9.96927424e-01 -1.99653694e+00
 -2.99696360e+00 -3.99677243e+00 -4.99920638e+00 -5.99829554e+00
 -6.99965752e+00 -8.00172307e+00  9.97395978e-01 -2.49583186e-03
 -9.96982467e-01 -2.00109528e+00 -3.00286458e+00 -3.99119440e+00
 -5.00267261e+00 -5.99416881e+00 -6.99618638e+00 -8.00175048e+00
 -9.00016871e+00  1.00198568e+00  3.89551970e-03 -1.00224506e+00
 -2.00210062e+00 -2.99699620e+00 -3.99942700e+00 -4.99809572e+00
 -6.00637003e+00 -7.00261063e+00 -8.00438227e+00 -8.99446865e+00
  2.00133237e+00  1.00017595e+00 -5.47708584e-03 -9.96005323e-01
 -1.99695330e+00 -2.99669302e+00 -3.99739262e+00 -4.99787935e+00
 -5.99887737e+00 -6.99871109e+00 -7.99953324e+00]","[1. 1. 1. 0. 0. 0. 0. 0. 0. 0. 0. 0. 1. 1. 0. 0. 0. 0. 0. 0. 0. 0. 0. 1.
 1. 1. 0. 0. 0. 0. 0. 0. 0. 0. 1. 1. 0. 0. 0. 0. 0. 0. 0. 0. 0. 1. 1. 1.
 0. 0. 0. 0. 0. 0. 0. 0. 1. 1. 1. 0. 0. 0. 0. 0. 0. 0. 0. 1. 1. 1. 0. 0.
 0. 0. 0. 0. 0. 0. 1. 1. 1. 0. 0. 0. 0. 0. 0. 0. 0. 1. 1. 1. 0. 0. 0. 0.
 0. 0. 0. 0. 1. 1. 1. 0. 0. 0. 0. 0. 0. 0. 0. 1. 1. 1. 1. 0. 0. 0. 0. 0.
 0. 0. 1. 1. 1. 1. 0. 0. 0. 0. 0. 0. 0. 1. 1. 1. 1. 1. 0. 0. 0. 0. 0. 0.
 1. 1. 1. 1. 0. 0. 0. 0. 0. 0. 0. 1. 1. 1. 1. 0. 0. 0. 0. 0. 0. 0. 1. 1.
 1. 1. 1. 0. 0. 0. 0. 0. 0. 1. 1. 1. 1. 1. 0. 0. 0. 0. 0. 0. 1. 1. 1. 1.
 0. 0. 0. 0. 0. 0. 0. 1. 1. 1. 1. 0. 0. 0. 0. 0. 0. 0. 1. 1. 1. 0. 0. 0.
 0. 0. 0. 0. 0. 1. 1. 1. 1. 0. 0. 0. 0. 0. 0. 0. 1. 1. 1. 0. 0. 0. 0. 0.
 0. 0. 0. 1. 1. 0. 0. 0. 0. 0. 0. 0. 0. 0. 1. 1. 0. 0. 0. 0. 0. 0. 0. 0.
 0. 1. 1. 0. 0. 0. 0. 0. 0. 0. 0. 0. 1. 1. 1. 0. 0. 0. 0. 0. 0. 0. 0. 1.
 1. 0. 0. 0. 0. 0. 0. 0. 0. 0. 1. 1. 0. 0. 0. 0. 0. 0. 0. 0. 0. 1. 1. 1.
 0. 0. 0. 0. 0. 0. 0. 0. 1. 1. 1. 1. 0. 0. 0. 0. 0. 0. 0. 1. 1. 1. 0. 0.
 0. 0. 0. 0. 0. 0. 1. 1. 1. 0. 0. 0. 0. 0. 0. 0. 0. 1. 1. 1. 0. 0. 0. 0.
 0. 0. 0. 0. 1. 1. 1. 0. 0. 0. 0. 0. 0. 0. 0. 1. 1. 1. 1. 0. 0. 0. 0. 0.
 0. 0. 1. 1. 1. 0. 0. 0. 0. 0. 0. 0. 0. 1. 1. 1. 0. 0. 0. 0. 0. 0. 0. 0.
 1. 1. 1. 1. 0. 0. 0. 0. 0. 0. 0. 1. 1. 1. 1. 0. 0. 0. 0. 0. 0. 0. 1. 0.
 0. 0. 0. 0. 0. 0. 0. 0. 0. 1. 0. 0. 0. 0. 0. 0. 0. 0. 0. 0. 1. 0. 0. 0.
 0. 0. 0. 0. 0. 0. 0. 1. 1. 1. 0. 0. 0. 0. 0. 0. 0. 0. 1. 0. 0. 0. 0. 0.
 0. 0. 0. 0. 0. 1. 1. 0. 0. 0. 0. 0. 0. 0. 0. 0. 1. 1. 0. 0. 0. 0. 0. 0.
 0. 0. 0. 1. 1. 0. 0. 0. 0. 0. 0. 0. 0. 0. 1. 0. 0. 0. 0. 0. 0. 0. 0. 0.
 0. 1. 0. 0. 0. 0. 0. 0. 0. 0. 0. 0. 1. 1. 0. 0. 0. 0. 0. 0. 0. 0. 0.]",0.001
1,1,0,"[ 9.94867317e-01 -1.63014319e-02 -2.66004900e-03  1.02369623e+00
  6.20148765e-03  1.00494755e+00  9.85920700e-01  1.00991140e+00
  1.00489499e+00  9.96976583e-01  9.96404491e-01  9.92521193e-03
 -3.81742056e-03  1.00851750e+00 -3.12603466e-03  5.63805483e-03
  9.96863213e-01  1.01459116e+00  2.21554378e-02  3.85960287e-04
  9.94711734e-01  9.24948902e-03  9.91802209e-01 -8.74899149e-03
  1.57579230e-02  3.90285402e-02  9.98511334e-01 -3.79352419e-03
  1.80029437e-03  1.01611608e+00 -1.43263476e-02  1.01531896e+00
  9.84026607e-01  9.79350028e-01  9.85858552e-01  2.12703634e-02
  9.90045353e-01  1.00318915e+00 -2.19079215e-02  2.02035966e-02
  1.01464809e+00  1.01011065e+00  9.84561706e-01  1.00284202e+00
  1.01191415e+00  2.33852268e-02  6.15676535e-04  1.30485353e-03
  1.01230160e+00  1.00828957e+00 -1.39880107e-02]","[1. 0. 0. 1. 0. 1. 1. 1. 1. 1. 1. 0. 0. 1. 0. 0. 1. 1. 0. 0. 1. 0. 1. 0.
 0. 0. 1. 0. 0. 1. 0. 1. 1. 1. 1. 0. 1. 1. 0. 0. 1. 1. 1. 1. 1. 0. 0. 0.
 1. 1. 0.]",0.001
2,2,0,"[ 1.00999632e+00  8.05859563e-03 -9.98107964e-01  8.77410031e-03
 -9.98390158e-01  1.11713385e-04 -9.97121730e-01  3.68973107e-03
  3.73622185e-03 -1.00573534e+00 -1.00748499e+00  2.39988498e-03
  1.10180551e-02 -9.99356688e-01  4.56047698e-04  9.18373424e-03
  7.49893376e-03 -1.00067320e+00  9.94094055e-01 -7.40333572e-03
  9.96514308e-01 -6.05452507e-03  1.89274891e-03  9.99012168e-01
  9.94098851e-01 -9.98452303e-01 -3.43718715e-03 -2.82409756e-03
  2.32610716e-03 -2.16562999e-03  1.00066775e+00 -9.91561758e-01
 -1.00741308e+00 -5.79002310e-04 -9.28087247e-03  1.00309926e+00
  1.67111924e-03 -2.55913370e-03  9.98684964e-01  9.98311220e-01
 -1.15289503e-02  1.43227462e-03  1.01122453e+00  3.61112447e-03
  9.96370875e-01 -9.95918379e-01  1.00405207e+00  3.99664487e-03
  1.18291499e-02  9.05816551e-04 -1.06047859e-02 -3.95580379e-03
 -7.86608896e-03  9.99631884e-01  7.45231714e-03  1.00869731e+00
  9.98370533e-01  9.99137119e-01  9.93352580e-01  1.00387573e+00
  9.97206660e-01 -3.86638440e-03  4.40733089e-04  9.99650256e-01
 -1.11663366e-02 -1.49728389e-02  1.00220594e+00  9.99590119e-01
 -2.32026925e-03 -5.17873953e-03  1.00170478e+00 -3.58471135e-03
  1.00126583e+00  4.62674228e-03  1.58385469e-03 -8.06070025e-04
  1.00384255e+00 -6.23360686e-03  1.44568734e-02  9.94690616e-01
  1.24795033e-04  1.01176025e+00  1.00586729e+00  9.96121716e-01
  1.00083470e+00 -7.71485902e-04  9.93007300e-01  9.99254207e-01
 -1.02062751e-02 -5.70656996e-03  9.95901808e-01  1.01449453e+00
  9.94495477e-01  1.00835753e+00  1.00429082e+00  2.20388061e-03
 -4.99463223e-03  1.18287643e-04  9.93848798e-01  9.99616848e-01
 -8.04926992e-04]","[1. 0. 0. 0. 0. 0. 0. 0. 0. 0. 0. 0. 0. 0. 0. 0. 0. 0. 1. 0. 1. 0. 0. 1.
 1. 0. 0. 0. 0. 0. 1. 0. 0. 0. 0. 1. 0. 0. 1. 1. 0. 0. 1. 0. 1. 0. 1. 0.
 0. 0. 0. 0. 0. 1. 0. 1. 1. 1. 1. 1. 1. 0. 0. 1. 0. 0. 1. 1. 0. 0. 1. 0.
 1. 0. 0. 0. 1. 0. 0. 1. 0. 1. 1. 1. 1. 0. 1. 1. 0. 0. 1. 1. 1. 1. 1. 0.
 0. 0. 1. 1. 0.]",0.001
3,3,0,"[ 1.00484886e+00  9.98867750e-01  9.82283191e-03  1.00314320e+00
  3.02721412e-03 -2.57803296e-03 -9.93839315e-01  9.98690834e-01
 -4.45538241e-03  1.00033978e+00  5.17934221e-03  2.38888107e-03
 -1.01129945e+00  1.00882159e+00  5.03782078e-03  1.90536296e-03
 -1.00326090e+00  9.95693962e-01 -8.97110382e-03  1.00094173e+00
 -1.72127795e-03  9.91548403e-01 -2.94899287e-03  9.97589318e-01
 -5.13620961e-03 -2.00115755e-03 -9.98569228e-01  1.00135841e+00
  3.66982561e-03  9.97441222e-01  1.59337575e-03  1.00567670e+00
  7.76368633e-03 -5.93849148e-04 -9.92740111e-01  2.00032895e+00
  1.00739793e+00 -1.20287841e-02 -1.00314512e+00  1.99778392e+00
  1.00106717e+00 -1.02113486e-02 -9.95992297e-01 -6.47399287e-04
 -1.00647725e+00  9.95844373e-01 -9.36566090e-03  2.00896296e+00
  9.92721788e-01 -7.58485186e-03 -9.99464397e-01  1.00486598e+00
  8.92694677e-03  1.00190741e+00  7.33070194e-03  9.99061038e-01
 -3.79820003e-03 -3.61805712e-04 -9.93872207e-01  1.00388591e+00
  4.10425727e-03  1.00952205e+00 -6.73516039e-03  9.95663885e-01
 -1.20326583e-03  1.00787325e+00  6.82053284e-03  2.37419566e-03
 -9.98847328e-01  2.00566203e+00  9.99919582e-01  1.24073065e-02
 -9.96799448e-01  1.60263459e-03 -1.00585887e+00  1.00491415e+00
  1.40621956e-03  1.00361699e+00 -1.28072720e-03  1.00171104e+00
 -2.34902809e-03  1.01279017e+00  3.10241658e-03  1.00542768e+00
 -5.65065867e-03 -1.52209759e-04 -9.92906486e-01  1.00266011e+00
  2.80893424e-03  5.12834281e-03 -9.97139533e-01  9.95935037e-01
  6.38116022e-03  1.00063174e+00 -1.02025977e-02  1.00676297e+00
  8.25760676e-03  1.00552013e+00  8.05106471e-03  7.67291880e-03
 -9.99805034e-01]","[1. 1. 0. 1. 0. 0. 0. 1. 0. 1. 0. 0. 0. 1. 0. 0. 0. 1. 0. 1. 0. 1. 0. 1.
 0. 0. 0. 1. 0. 1. 0. 1. 0. 0. 0. 1. 1. 0. 0. 1. 1. 0. 0. 0. 0. 1. 0. 1.
 1. 0. 0. 1. 0. 1. 0. 1. 0. 0. 0. 1. 0. 1. 0. 1. 0. 1. 0. 0. 0. 1. 1. 0.
 0. 0. 0. 1. 0. 1. 0. 1. 0. 1. 0. 1. 0. 0. 0. 1. 0. 0. 0. 1. 0. 1. 0. 1.
 0. 1. 0. 0. 0.]",0.001
4,4,0,"[ 1.01430713e+00  9.94724484e-01  9.99578714e-01  7.91060914e-03
  9.87102229e-01  9.87378017e-01  1.09245992e-02  9.97692780e-01
 -8.91779374e-03  9.96489107e-01  9.84212860e-01  9.88825241e-01
  9.99144551e-01 -3.76976078e-04  9.93108210e-01  1.00301348e+00
  9.96207071e-01  9.64692773e-04 -1.31098137e-04  7.17264696e-03
 -4.01990165e-03  9.05546671e-03  7.09315794e-03  1.00638104e+00
 -8.20668465e-03 -3.82581741e-03  1.01129043e+00  9.89017134e-01
  1.00851790e+00  4.10854865e-03  9.91665981e-01  1.00102073e+00
  1.00895338e+00  1.00055770e+00  7.71594042e-04  3.19554005e-03
 -7.36559874e-03  3.00961251e-03  9.87225833e-01  1.00598751e+00
  1.00112488e+00  9.95071448e-01  1.01896401e+00 -8.97434266e-03
  1.00138667e+00 -1.19608199e-03  1.00178679e+00  9.94969712e-01
  9.98192349e-01  1.00955620e+00  3.93028918e-03]","[1. 1. 1. 0. 1. 1. 0. 1. 0. 1. 1. 1. 1. 0. 1. 1. 1. 0. 0. 0. 0. 0. 0. 1.
 0. 0. 1. 1. 1. 0. 1. 1. 1. 1. 0. 0. 0. 0. 1. 1. 1. 1. 1. 0. 1. 0. 1. 1.
 1. 1. 0.]",0.001
5,5,0,"[ 9.95479861e-01  9.99526913e-01  6.99172332e+00  6.00280982e+00
  5.00768074e+00  3.99436768e+00  2.98926207e+00  1.99532170e+00
  1.00423166e+00  3.90577982e-03 -9.97330699e-01 -2.00510133e+00
 -2.99285924e+00  6.99619427e+00  5.99340638e+00  5.00317371e+00
  3.99607776e+00  3.00320049e+00  1.99454136e+00  9.99002276e-01
 -3.01669258e-03 -1.00483411e+00 -1.99230886e+00 -2.98681902e+00
  6.00078869e+00  5.00400799e+00  4.00156709e+00  2.99725308e+00
  2.00490588e+00  1.00184871e+00 -7.51659055e-03 -9.90887495e-01
 -1.99441179e+00 -2.99580343e+00 -4.00085764e+00  6.99555225e+00
  5.99724957e+00  5.00388336e+00  4.00318870e+00  3.00220928e+00
  2.00328861e+00  9.94227544e-01 -7.62900574e-03 -9.98006029e-01
 -2.00191501e+00 -2.99766886e+00  9.00558465e+00  8.01535315e+00
  7.00588220e+00  5.99576351e+00  5.00589352e+00  3.99118661e+00
  3.00341839e+00  2.00660216e+00  1.00551334e+00 -5.28904287e-03
 -9.97256820e-01  7.99622151e+00  7.00403169e+00  6.00084181e+00
  4.99565917e+00  4.00404404e+00  3.00485473e+00  1.99429693e+00
  1.00459851e+00 -1.29892053e-03 -1.00640575e+00 -2.00038296e+00
  8.99388776e+00  7.99464567e+00  7.00601435e+00  6.00553968e+00
  5.00586780e+00  3.99908425e+00  2.99456403e+00  1.99311226e+00
  9.99857732e-01 -1.18349011e-02 -1.00105440e+00  5.00375554e+00
  3.99143397e+00  2.99781840e+00  2.00306377e+00  9.90426552e-01
  9.75513185e-03 -9.95969714e-01 -2.00078462e+00 -2.99035287e+00
 -4.00220312e+00 -4.99668922e+00  5.99633367e+00  5.00592843e+00
  4.00194560e+00  2.98780808e+00  2.00991847e+00  1.00409094e+00
 -6.66775705e-03 -1.00074998e+00 -1.99848411e+00 -3.00575976e+00
 -3.99433207e+00  5.00231770e+00  4.00765009e+00  3.00106997e+00
  1.99973703e+00  1.00115926e+00  3.30944323e-04 -1.01216398e+00
 -2.00067591e+00 -2.99710034e+00 -4.00169599e+00 -5.00043683e+00
  6.00230417e+00  5.00227698e+00  3.99755147e+00  3.00516927e+00
  1.98556394e+00  1.00789294e+00  1.42106055e-02 -9.96344538e-01
 -1.99326268e+00 -3.00546980e+00 -3.99749372e+00  4.99489625e+00
  4.00582921e+00  3.01227684e+00  1.99516894e+00  1.00105019e+00
  3.04495632e-03 -1.00076871e+00 -1.99924093e+00 -3.00320651e+00
 -3.99634011e+00 -5.00383228e+00  8.00224740e+00  7.00486012e+00
  6.00831213e+00  5.00672491e+00  3.99753195e+00  3.00819523e+00
  1.99112264e+00  1.00159999e+00 -1.16900180e-03 -9.97970857e-01
 -1.99509099e+00  6.99731385e+00  6.00347745e+00  4.99135139e+00
  3.98434660e+00  3.00535682e+00  2.00950991e+00  9.97863080e-01
 -8.07284799e-03 -1.00674529e+00 -2.00527566e+00 -2.99937581e+00
  9.00134183e+00  7.99930296e+00  7.00622172e+00  6.00293212e+00
  4.98650035e+00  4.00773958e+00  3.00232799e+00  2.00458781e+00
  9.96999413e-01  2.30674347e-03 -1.00128956e+00  9.00274060e+00
  8.01038372e+00  7.00204473e+00  5.98636426e+00  4.99623363e+00
  3.99952154e+00  2.99641615e+00  2.00650457e+00  9.96319342e-01
  2.06333656e-03 -9.88476034e-01  7.99555764e+00  7.00405957e+00
  6.00131683e+00  5.00249080e+00  3.99218014e+00  2.99530885e+00
  2.00134279e+00  1.00700039e+00 -7.16942237e-03 -9.96673981e-01
 -1.99819499e+00  8.98635737e+00  7.99979261e+00  6.99792666e+00
  6.00893350e+00  4.98924875e+00  3.99370339e+00  2.99810010e+00
  1.99231952e+00  1.00132034e+00 -6.42556729e-03 -1.00249935e+00
  8.99976942e+00  7.99385298e+00  6.99880564e+00  5.99953765e+00
  5.00718518e+00  4.00051755e+00  2.99238704e+00  1.99862332e+00
  1.00348260e+00  4.05664780e-03 -9.94769600e-01  7.00687736e+00
  5.98661926e+00  4.99989207e+00  3.99849673e+00  3.01456982e+00
  2.00135316e+00  9.99909469e-01 -1.79907344e-03 -9.98452214e-01
 -1.99658446e+00 -3.00368659e+00  8.00942263e+00  7.00226136e+00
  6.01005297e+00  4.99639194e+00  4.00217781e+00  2.99733113e+00
  2.00480913e+00  1.00676180e+00  1.71269929e-03 -9.98709921e-01
 -2.01020995e+00  8.00082134e+00  6.99486808e+00  6.00754104e+00
  5.00123347e+00  4.00115744e+00  2.99777358e+00  1.99773525e+00
  1.00663450e+00  3.62634494e-03 -1.00679967e+00 -2.00177740e+00
  8.00518033e+00  6.99745309e+00  5.99854926e+00  4.99793319e+00
  3.99967944e+00  2.99993104e+00  1.99486763e+00  9.99584456e-01
  3.27321101e-03 -1.00181244e+00 -2.00332106e+00  7.00555862e+00
  6.00430449e+00  5.00505053e+00  4.00409146e+00  2.99652685e+00
  1.99514719e+00  9.97435335e-01  2.75435827e-03 -1.00213065e+00
 -2.00117229e+00 -2.99580840e+00  8.99793541e+00  7.99468945e+00
  7.00613095e+00  5.99916253e+00  4.99925694e+00  3.99639447e+00
  3.00538636e+00  2.00062377e+00  1.00036054e+00 -3.04527497e-03
 -9.92165230e-01  9.00199169e+00  8.00391582e+00  6.99537549e+00
  5.99705685e+00  5.00502399e+00  3.99322400e+00  2.99933435e+00
  2.00071708e+00  1.00584770e+00  8.37976701e-04 -1.00713991e+00
  8.00453553e+00  6.99956798e+00  5.99700179e+00  4.99507124e+00
  4.00393770e+00  3.00617107e+00  1.99652885e+00  1.00576165e+00
  4.66397282e-03 -9.94442130e-01 -1.99772795e+00  8.00294329e+00
  7.00131513e+00  6.00228283e+00  4.99773267e+00  4.00791758e+00
  3.00118137e+00  2.00352131e+00  1.00031842e+00 -2.00556795e-05
 -1.00264409e+00 -1.99808530e+00  9.00646867e+00  7.99417879e+00
  6.99997346e+00  5.99829645e+00  4.99330510e+00  4.00328847e+00
  3.00467333e+00  1.99983027e+00  1.00399329e+00  2.84005574e-03
 -9.98033374e-01  5.00110604e+00  4.00357365e+00  3.00832911e+00
  2.00114324e+00  1.00051305e+00 -2.40444045e-03 -1.00260635e+00
 -2.00300786e+00 -3.00126500e+00 -3.99283370e+00 -5.00383502e+00
  5.00492760e+00  4.00346021e+00  3.02006453e+00  1.99630654e+00
  9.82406982e-01  3.68899042e-03 -9.95524457e-01 -1.99167756e+00
 -3.00446833e+00 -4.00055819e+00 -4.99606618e+00  4.99255074e+00
  4.00510544e+00  2.99527688e+00  2.00507876e+00  1.00941379e+00
 -5.32990470e-03 -9.97313508e-01 -2.00371326e+00 -3.00214763e+00
 -4.00784970e+00 -4.99708536e+00  5.00300728e+00  3.99184286e+00
  2.99993619e+00  2.00537476e+00  1.00514466e+00 -7.32186732e-03
 -9.97583823e-01 -1.99662921e+00 -2.99786722e+00 -4.00177422e+00
 -4.99329959e+00  5.99359038e+00  4.99758878e+00  4.00416158e+00
  3.00662620e+00  2.00315076e+00  9.94122752e-01  1.03167391e-03
 -1.00161055e+00 -2.00513800e+00 -2.99907527e+00 -3.99646549e+00
  5.99226622e+00  5.00743374e+00  4.00495577e+00  3.00411659e+00
  1.99193399e+00  1.00547101e+00  1.29276886e-03 -1.00148724e+00
 -1.99632712e+00 -3.00574832e+00 -4.00147079e+00  4.99600541e+00
  4.01106844e+00  2.99135857e+00  2.00298361e+00  9.87804690e-01
 -2.59365919e-03 -9.94661985e-01 -2.01764907e+00 -2.99846977e+00
 -4.00575631e+00 -5.00228458e+00  6.00222943e+00  4.99037783e+00
  4.00008197e+00  3.00534727e+00  1.99571328e+00  1.00193421e+00
 -1.16999440e-02 -9.99854484e-01 -2.00641619e+00 -2.99802866e+00
 -3.99775766e+00  5.99547072e+00  4.99757040e+00  4.00102632e+00
  3.00462860e+00  1.99384204e+00  9.97580999e-01  8.62759154e-03
 -9.98260152e-01 -1.99220505e+00 -3.00583583e+00 -4.00688206e+00
  7.99803731e+00  6.99133861e+00  5.99631394e+00  5.00905847e+00
  3.99964419e+00  3.00295271e+00  2.00292776e+00  1.00747270e+00
 -4.80805594e-03 -9.97142439e-01 -1.99300820e+00  9.99702391e-01
  1.00048970e+00  1.06492966e-03  9.97229470e-01  1.00745008e+00
 -1.08246942e-03  9.97854639e-01  9.97503040e-01  1.00175229e+00
 -4.85783742e-03  9.93134210e-01  9.91844807e-01  1.00911672e+00
  1.10458458e-02 -7.98558695e-03  3.02299450e-03 -4.87060216e-03
  3.34621483e-04  9.99971170e-01 -2.95922455e-03  9.99634396e-01
  9.98087559e-01  9.90155395e-01  5.72097674e-03  1.36868837e-05
  5.41228775e-03  9.45549474e-03  9.95141538e-01  9.95080282e-01
  9.97018795e-01  4.61638969e-03  9.90869718e-01  1.01068547e+00
  3.96405151e-04]","[1. 1. 1. 1. 1. 1. 1. 1. 1. 0. 0. 0. 0. 1. 1. 1. 1. 1. 1. 1. 0. 0. 0. 0.
 1. 1. 1. 1. 1. 1. 0. 0. 0. 0. 0. 1. 1. 1. 1. 1. 1. 1. 0. 0. 0. 0. 1. 1.
 1. 1. 1. 1. 1. 1. 1. 0. 0. 1. 1. 1. 1. 1. 1. 1. 1. 0. 0. 0. 1. 1. 1. 1.
 1. 1. 1. 1. 1. 0. 0. 1. 1. 1. 1. 1. 0. 0. 0. 0. 0. 0. 1. 1. 1. 1. 1. 1.
 0. 0. 0. 0. 0. 1. 1. 1. 1. 1. 0. 0. 0. 0. 0. 0. 1. 1. 1. 1. 1. 1. 0. 0.
 0. 0. 0. 1. 1. 1. 1. 1. 0. 0. 0. 0. 0. 0. 1. 1. 1. 1. 1. 1. 1. 1. 0. 0.
 0. 1. 1. 1. 1. 1. 1. 1. 0. 0. 0. 0. 1. 1. 1. 1. 1. 1. 1. 1. 1. 0. 0. 1.
 1. 1. 1. 1. 1. 1. 1. 1. 0. 0. 1. 1. 1. 1. 1. 1. 1. 1. 0. 0. 0. 1. 1. 1.
 1. 1. 1. 1. 1. 1. 0. 0. 1. 1. 1. 1. 1. 1. 1. 1. 1. 0. 0. 1. 1. 1. 1. 1.
 1. 1. 0. 0. 0. 0. 1. 1. 1. 1. 1. 1. 1. 1. 0. 0. 0. 1. 1. 1. 1. 1. 1. 1.
 1. 0. 0. 0. 1. 1. 1. 1. 1. 1. 1. 1. 0. 0. 0. 1. 1. 1. 1. 1. 1. 1. 0. 0.
 0. 0. 1. 1. 1. 1. 1. 1. 1. 1. 1. 0. 0. 1. 1. 1. 1. 1. 1. 1. 1. 1. 0. 0.
 1. 1. 1. 1. 1. 1. 1. 1. 0. 0. 0. 1. 1. 1. 1. 1. 1. 1. 1. 0. 0. 0. 1. 1.
 1. 1. 1. 1. 1. 1. 1. 0. 0. 1. 1. 1. 1. 1. 0. 0. 0. 0. 0. 0. 1. 1. 1. 1.
 1. 0. 0. 0. 0. 0. 0. 1. 1. 1. 1. 1. 0. 0. 0. 0. 0. 0. 1. 1. 1. 1. 1. 0.
 0. 0. 0. 0. 0. 1. 1. 1. 1. 1. 1. 0. 0. 0. 0. 0. 1. 1. 1. 1. 1. 1. 0. 0.
 0. 0. 0. 1. 1. 1. 1. 1. 0. 0. 0. 0. 0. 0. 1. 1. 1. 1. 1. 1. 0. 0. 0. 0.
 0. 1. 1. 1. 1. 1. 1. 0. 0. 0. 0. 0. 1. 1. 1. 1. 1. 1. 1. 1. 0. 0. 0. 1.
 1. 0. 1. 1. 0. 1. 1. 1. 0. 1. 1. 1. 0. 0. 0. 0. 0. 1. 0. 1. 1. 1. 0. 0.
 0. 0. 1. 1. 1. 0. 1. 1. 0.]",0.001
6,6,0,"[ 9.76143003e-01  5.98147799e+00  5.01316138e+00  4.01986205e+00
  2.98957089e+00  2.00295981e+00  1.00679268e+00  3.57277799e-03
 -9.74165001e-01 -1.99451762e+00 -3.02943740e+00 -4.01025176e+00
  6.01173692e+00  4.97735548e+00  4.01509762e+00  2.99481913e+00
  2.00846851e+00  9.81652542e-01  1.50291424e-02 -1.00614089e+00
 -1.99330476e+00 -3.01507904e+00 -4.01174484e+00  5.99845764e+00
  4.99360749e+00  4.00883064e+00  3.01598223e+00  2.00417723e+00
  9.97111484e-01  3.37277627e-02 -9.87741393e-01 -2.00854252e+00
 -2.99757763e+00 -4.02179071e+00  5.99999158e+00  5.00493410e+00
  4.01210700e+00  3.00812576e+00  2.00174306e+00  9.93533403e-01
  3.77144480e-02 -9.68561308e-01 -2.01127204e+00 -3.01548292e+00
 -3.99186248e+00  5.98638016e+00  4.99468474e+00  4.00034925e+00
  3.00274364e+00  2.01509440e+00  9.97509551e-01  1.67968185e-02
 -9.93918397e-01 -1.98482020e+00 -2.96943791e+00 -3.98341754e+00
  5.00176971e+00  4.03240910e+00  3.01869330e+00  1.99875003e+00
  1.00687628e+00  1.24286490e-02 -1.00966323e+00 -2.01787640e+00
 -2.98714582e+00 -3.98921847e+00 -5.01068614e+00  6.02431210e+00
  5.03955175e+00  4.00094376e+00  3.00092466e+00  2.01269415e+00
  1.00845517e+00  1.67782649e-02 -9.92712920e-01 -1.99909726e+00
 -2.99966340e+00 -4.04621234e+00  4.99964614e+00  3.99911251e+00
  2.99784780e+00  1.95330147e+00  1.02714522e+00  1.12716950e-02
 -1.00738248e+00 -2.01585504e+00 -3.00008542e+00 -3.98891248e+00
 -4.98918346e+00  6.01170037e+00  4.96480284e+00  4.00813265e+00
  3.00407472e+00  1.96005452e+00  9.92404073e-01 -1.00656954e-02
 -9.81230413e-01 -2.00151149e+00 -2.98522831e+00 -3.97127688e+00
  6.01915657e+00  4.99482202e+00  4.01933039e+00  2.96958529e+00
  1.99734463e+00  9.90127133e-01 -1.13698222e-02 -9.70065023e-01
 -1.97544132e+00 -2.99330514e+00 -3.99199853e+00  6.02098225e+00
  5.01179929e+00  3.98789173e+00  2.98247224e+00  1.97262257e+00
  1.01793199e+00 -1.27546963e-02 -9.99402039e-01 -2.02310254e+00
 -2.98224132e+00 -4.01991071e+00  1.02436935e+00  9.76956713e-01
 -1.45228946e-02  1.00025032e+00  1.00146878e+00  1.56412639e-03
  9.77005996e-01  9.76297391e-01 -1.37006140e-02  1.00381586e+00
 -4.40573695e-03  1.01069062e+00  2.14833397e-02  1.03211731e+00
  1.02999841e+00  9.90605346e-01 -1.26605161e-02  1.01814586e+00
  9.83752128e-01  9.78713710e-01  3.02375021e-03  2.63126033e-03
  1.01231883e-02  9.72290199e-01  1.02915834e+00  1.02374255e+00
 -2.26574622e-02  1.91952801e-02  9.95363409e-01  1.00535255e+00
  1.00807278e+00  9.83455275e-01  9.98654529e-01  3.51720355e-03
 -4.04467000e-02  9.98788970e-01 -2.03038194e-05  7.38560424e-03
 -1.42749785e-02]","[1. 1. 1. 1. 1. 1. 1. 0. 0. 0. 0. 0. 1. 1. 1. 1. 1. 1. 0. 0. 0. 0. 0. 1.
 1. 1. 1. 1. 1. 0. 0. 0. 0. 0. 1. 1. 1. 1. 1. 1. 0. 0. 0. 0. 0. 1. 1. 1.
 1. 1. 1. 0. 0. 0. 0. 0. 1. 1. 1. 1. 1. 0. 0. 0. 0. 0. 0. 1. 1. 1. 1. 1.
 1. 0. 0. 0. 0. 0. 1. 1. 1. 1. 1. 0. 0. 0. 0. 0. 0. 1. 1. 1. 1. 1. 1. 0.
 0. 0. 0. 0. 1. 1. 1. 1. 1. 1. 0. 0. 0. 0. 0. 1. 1. 1. 1. 1. 1. 0. 0. 0.
 0. 0. 1. 1. 0. 1. 1. 0. 1. 1. 0. 1. 0. 1. 0. 1. 1. 1. 0. 1. 1. 1. 0. 0.
 0. 1. 1. 1. 0. 0. 1. 1. 1. 1. 1. 0. 0. 1. 0. 0. 0.]",0.001
7,7,0,"[ 1.01360686e+00  1.46283747e-02  1.61058206e-02  1.32374596e-02
  9.37471847e-03  3.85452890e-03  9.88711664e-01 -1.22223765e-02
  9.88133199e-01  1.40465934e-02 -6.30215107e-03  1.70169302e-02
 -2.22225970e-02 -9.97163300e-01  1.00554620e+00 -1.00085315e+00
 -9.96044910e-01 -9.02086310e-03  9.91466018e-01  9.77490979e-01
  5.12937491e-03  9.84191315e-03 -1.00567766e+00 -6.36864196e-03
 -9.83740006e-01 -4.54590069e-03 -1.50735928e-03  3.12244043e-04
  1.65473676e-02 -9.95625785e-01  1.99754027e-02 -8.47680933e-03
 -1.94394749e-03  9.91739788e-01  9.98892852e-01 -1.00841430e+00
 -9.02651304e-04  1.07433716e-02 -2.40553917e-03 -1.00174895e+00
  9.98755515e-01  1.01282454e+00  9.98780213e-01 -1.36165570e-02
  9.96085205e-01  1.00360972e+00 -9.63334089e-03  1.00694168e+00
  9.91913199e-01 -1.31914808e-02  1.00528061e+00 -2.96267723e-03
  9.95243646e-01  1.75488598e-02  9.97989987e-01  1.00123132e+00
  1.01437395e+00 -8.66122099e-03  1.00078838e+00  1.00506260e+00
  1.00109168e+00  8.90246980e-03 -4.55008612e-03  9.17847029e-03
  9.93785191e-01  1.00502933e+00  1.00428601e+00 -1.00343327e-03
 -1.95483008e-03  1.01817080e+00  1.00708148e+00  1.01755256e+00
  9.91075805e-01  9.93965493e-01  2.81990931e-03 -7.86274576e-03
  1.01336618e+00  3.87992760e-03 -2.74213635e-02  3.57032769e-03]","[1. 0. 0. 0. 0. 0. 1. 0. 1. 0. 0. 0. 0. 0. 1. 0. 0. 0. 1. 1. 0. 0. 0. 0.
 0. 0. 0. 0. 0. 0. 0. 0. 0. 1. 1. 0. 0. 0. 0. 0. 1. 1. 1. 0. 1. 1. 0. 1.
 1. 0. 1. 0. 1. 0. 1. 1. 1. 0. 1. 1. 1. 0. 0. 0. 1. 1. 1. 0. 0. 1. 1. 1.
 1. 1. 0. 0. 1. 0. 0. 0.]",0.001
8,8,0,"[ 1.00650608e+00 -9.94768915e-01 -5.02589543e-03  1.01064920e+00
 -9.98398076e-01 -9.95857050e-01  1.00080081e+00 -8.40358867e-03
 -1.91627487e-03 -9.82206760e-04  1.00313231e+00 -2.27452712e-03
  9.94992401e-01 -1.00304624e+00 -5.32096091e-03  8.81224448e-03
 -9.94441278e-01  9.93594497e-01  6.00581907e-03  9.97029661e-01
 -1.07440411e-02  1.00525248e+00  5.13810761e-03 -9.97767720e-01
  8.52135177e-03 -1.01112615e+00  1.00416503e+00  8.08650096e-04
  1.89683786e-03 -9.95632312e-01  9.91866596e-01 -5.86348953e-03
 -3.10402922e-03 -1.00153769e+00  9.85985945e-01 -5.15573627e-03
  9.92856224e-01 -9.75462348e-04  1.00151702e+00 -6.24889371e-03
  3.27966706e-03 -9.89394977e-01  1.00445107e+00  7.55116682e-03
 -9.71559049e-03 -1.00989268e+00  1.00023647e+00 -4.99349331e-04
 -3.71055864e-03 -1.00294481e+00  1.01082527e+00  2.42568805e-03
  1.00719500e+00  1.88970630e-03  1.00000877e+00  8.25757605e-03
  1.01396925e+00 -2.17403346e-03 -2.54140910e-03 -9.95984011e-01
  1.00387737e+00 -4.29537194e-03 -5.61264369e-03 -1.01542297e+00
  1.00836892e+00  9.40142540e-04  1.99888112e+00  1.00424946e+00
  9.98124286e-01  4.19777616e-03  9.96172930e-01  2.59509663e-03
 -5.11586333e-04 -9.97011105e-01  4.70877018e-03 -1.00147990e+00
 -5.38022881e-03 -9.98765141e-01  1.99506931e+00  9.99850710e-01
  1.00180235e+00  9.97946860e-01  9.87905491e-01  9.99159457e-01
 -1.30962944e-03  9.95338028e-01  1.01150000e+00  7.32991487e-03
  9.91592595e-01  1.00369101e+00  7.46635124e-03  9.94097780e-01
  9.92337066e-01  1.00219774e+00  1.58857979e-03  1.09746071e-02
  1.04505155e-02 -1.27161923e-03  6.38076785e-03  9.94733148e-01
  1.46049474e-03]","[1. 0. 0. 1. 0. 0. 1. 0. 0. 0. 1. 0. 1. 0. 0. 0. 0. 1. 0. 1. 0. 1. 0. 0.
 0. 0. 1. 0. 0. 0. 1. 0. 0. 0. 1. 0. 1. 0. 1. 0. 0. 0. 1. 0. 0. 0. 1. 0.
 0. 0. 1. 0. 1. 0. 1. 0. 1. 0. 0. 0. 1. 0. 0. 0. 1. 0. 1. 1. 1. 0. 1. 0.
 0. 0. 0. 0. 0. 0. 1. 1. 1. 1. 1. 1. 0. 1. 1. 0. 1. 1. 0. 1. 1. 1. 0. 0.
 0. 0. 0. 1. 0.]",0.001
9,9,0,"[ 1.01117988e+00 -6.98743350e-04 -1.00717952e+00  9.92684229e-01
 -3.75846764e-03  1.99975389e+00  9.94692208e-01  9.88740088e-01
 -7.28795638e-03  1.01029772e+00 -1.33738410e-02  2.00965544e+00
  1.01659873e+00  1.34697093e-03 -1.00554152e+00 -3.69798974e-04
 -9.90931514e-01  1.01254044e+00 -4.79019287e-03  1.01142897e+00
 -1.38373035e-02  3.99243893e-03 -1.00729829e+00  2.00124011e+00
  1.00573940e+00 -9.77268399e-03 -1.00274392e+00  9.99466617e-01
  5.59684886e-03  1.00837021e+00 -9.17728486e-03 -9.67472891e-03
 -9.94371501e-01  1.99831332e+00  1.00667867e+00  1.00551747e+00
 -3.36124403e-03  1.00242034e+00  5.37510356e-03  9.97550038e-01
 -6.25426622e-03  9.99153341e-01  6.24221622e-03 -3.58672935e-03
 -6.41817043e-03  1.00900791e+00  2.36258121e-04  9.97761911e-01
 -3.34654819e-03  1.00318810e+00  9.95388233e-01  1.00460246e+00
  1.12179645e-02  9.93929025e-01  6.97631159e-03  1.00592514e+00
 -2.66802850e-03  9.90307022e-01  9.93197040e-01  1.00244301e+00
  1.00222083e+00  5.82290909e-04  9.97054820e-01  9.82660437e-04
  1.00605777e+00  9.06315142e-03  1.00716121e+00  9.91232147e-01
  1.28023001e-03  2.03635733e-03  8.58710179e-03 -9.86102425e-03]","[1. 0. 0. 1. 0. 1. 1. 1. 0. 1. 0. 1. 1. 0. 0. 0. 0. 1. 0. 1. 0. 0. 0. 1.
 1. 0. 0. 1. 0. 1. 0. 0. 0. 1. 1. 1. 0. 1. 0. 1. 0. 1. 0. 0. 0. 1. 0. 1.
 0. 1. 1. 1. 0. 1. 0. 1. 0. 1. 1. 1. 1. 0. 1. 0. 1. 0. 1. 1. 0. 0. 0. 0.]",0.001
10,10,0,"[ 9.90438329e-01  3.83625225e-03  1.00147747e+00  1.89892365e-03
  1.00015250e+00  9.98796889e-01  8.01373834e-03 -5.66511465e-03
  6.18666315e-03  1.00086998e+00  1.00052406e+00 -8.24790824e-03
  7.47794411e-03 -7.13669289e-03  9.99495986e-01  9.99192784e-01
 -6.96901955e-03 -6.83557635e-03  1.00250185e+00  1.00378716e+00
  9.97175655e-01  1.00713249e+00  7.63711718e-03 -2.13473701e-03
 -6.07483233e-03  9.98176386e-01  7.13010970e-03  9.98102905e-01
  9.48655745e-04  1.00052191e+00  1.00627977e+00  1.00853770e+00
  3.72832914e-03  9.98461683e-01 -1.06270376e-02  9.93783566e-01
 -1.04328256e-02  9.93658949e-01  9.99324064e-01  1.00561613e+00
  1.61732087e-03  1.00170834e+00 -2.86262975e-03  9.87488099e-01
  3.14095726e-03  9.99777061e-01  9.94900369e-01 -2.13405386e-02
  5.97740597e-04 -3.23926585e-03 -2.49701750e-03]","[1. 0. 1. 0. 1. 1. 0. 0. 0. 1. 1. 0. 0. 0. 1. 1. 0. 0. 1. 1. 1. 1. 0. 0.
 0. 1. 0. 1. 0. 1. 1. 1. 0. 1. 0. 1. 0. 1. 1. 1. 0. 1. 0. 1. 0. 1. 1. 0.
 0. 0. 0.]",0.001
11,11,0,"[ 9.96811145e-01  1.00034254e+00  4.99429187e+00  3.99658392e+00
  3.00723437e+00  2.00299094e+00  1.01022738e+00 -5.55930326e-03
 -9.96596516e-01 -2.00504990e+00 -3.00081233e+00 -3.99117256e+00
 -4.99418090e+00  5.99463915e+00  5.00035657e+00  3.99912365e+00
  3.00878519e+00  1.99956805e+00  9.98163089e-01 -2.35395744e-03
 -1.00433503e+00 -1.99719510e+00 -3.01584050e+00 -4.00473910e+00
  4.99368742e+00  3.99536251e+00  3.00523578e+00  1.99430785e+00
  9.98496726e-01  5.34060643e-03 -1.00346526e+00 -1.99705408e+00
 -2.99960819e+00 -3.99308138e+00 -5.00711640e+00  6.99697061e+00
  5.99755014e+00  5.00257643e+00  4.01145965e+00  2.99756551e+00
  2.00996639e+00  1.00198056e+00 -4.47257866e-03 -9.94939135e-01
 -1.99532133e+00 -3.00179677e+00  4.99495367e+00  4.00665079e+00
  3.00055353e+00  2.00233010e+00  9.97529037e-01  3.86941432e-04
 -9.93641679e-01 -2.00373415e+00 -2.99447387e+00 -4.00430072e+00
 -4.99093622e+00  4.00473648e+00  2.99261959e+00  2.00077913e+00
  9.95409274e-01  4.86960864e-03 -9.98808351e-01 -1.99680208e+00
 -3.00255582e+00 -4.00384514e+00 -4.99426903e+00 -5.99307110e+00
  6.00894656e+00  4.99654705e+00  4.00317045e+00  3.00347627e+00
  2.00355962e+00  1.00460830e+00  7.99360713e-03 -9.91994745e-01
 -1.99983826e+00 -2.99752160e+00 -4.00104099e+00  4.51061865e-03
 -4.06834255e-03  9.97292449e-01  1.21816518e-02  9.97603562e-01
  8.80955174e-03  1.00899020e+00  9.99618650e-01 -4.91491210e-03
 -1.13716603e-02  9.98194683e-01  1.25774804e-03  1.49086933e-03
  3.13378163e-03  6.05019526e-03  9.96031106e-01  1.00471952e+00
  6.55267509e-03  9.98649912e-01  2.71765344e-03  1.78390412e-03
  1.00252415e+00  1.00207304e+00  1.00384029e+00  9.97959969e-01
  9.94127727e-01]","[1. 1. 1. 1. 1. 1. 1. 0. 0. 0. 0. 0. 0. 1. 1. 1. 1. 1. 1. 0. 0. 0. 0. 0.
 1. 1. 1. 1. 1. 0. 0. 0. 0. 0. 0. 1. 1. 1. 1. 1. 1. 1. 0. 0. 0. 0. 1. 1.
 1. 1. 1. 0. 0. 0. 0. 0. 0. 1. 1. 1. 1. 0. 0. 0. 0. 0. 0. 0. 1. 1. 1. 1.
 1. 1. 0. 0. 0. 0. 0. 0. 0. 1. 0. 1. 0. 1. 1. 0. 0. 1. 0. 0. 0. 0. 1. 1.
 0. 1. 0. 0. 1. 1. 1. 1. 1.]",0.001
12,12,0,"[ 9.96178255e-01  5.99567697e+00  4.98953781e+00  3.99776240e+00
  3.00620597e+00  2.00968368e+00  1.00171369e+00 -1.09056958e-02
 -1.00724782e+00 -2.00047683e+00 -2.98522609e+00 -3.99511875e+00
  3.98763809e+00  2.98352533e+00  2.00605527e+00  1.00838772e+00
 -2.30515535e-03 -1.00731095e+00 -2.00114379e+00 -3.01606526e+00
 -4.00694474e+00 -4.99655682e+00 -5.98312807e+00  6.99582172e+00
  6.00115008e+00  5.01083253e+00  3.99960113e+00  2.99211558e+00
  1.99766105e+00  9.98626820e-01 -7.27435582e-03 -1.00728854e+00
 -2.01180340e+00 -2.99521394e+00  1.00455915e+00  7.65806612e-03
  1.00466850e+00  9.95327749e-01  1.00323063e+00  6.39303579e-03
  3.75090731e-03]","[1. 1. 1. 1. 1. 1. 1. 0. 0. 0. 0. 0. 1. 1. 1. 1. 0. 0. 0. 0. 0. 0. 0. 1.
 1. 1. 1. 1. 1. 1. 0. 0. 0. 0. 1. 0. 1. 1. 1. 0. 0.]",0.001
13,13,0,"[ 9.99718205e-01  4.85864536e-03 -3.46873490e-03  9.97952160e-01
  1.00533871e+00 -3.47571014e-03 -1.00263467e+00 -9.95046582e-01
  1.00111380e+00  9.99813127e-01  8.98411814e-04  9.99712998e-01
  9.99826323e-01  1.00200265e+00  8.54601629e-03  1.46972584e-03]",[1. 0. 0. 1. 1. 0. 0. 0. 1. 1. 0. 1. 1. 1. 0. 0.],0.001
14,14,0,"[ 1.00271292e+00  1.00217938e+00 -1.00005908e+00 -1.68292071e-03
  1.00138610e+00 -1.00563398e+00  1.99670938e+00  9.98970390e-01
  4.44079274e-03 -9.98329359e-01 -4.85729316e-03 -1.00083134e+00
  9.97221369e-01 -1.56892525e-03  9.97417468e-01 -1.12246692e-03
  9.95507319e-01 -2.57175594e-03  1.00014582e+00 -5.01674421e-03
  9.97664877e-01]",[1. 1. 0. 0. 1. 0. 1. 1. 0. 0. 0. 0. 1. 0. 1. 0. 1. 0. 1. 0. 1.],0.001
15,15,0,"[ 9.95520713e-01  1.99995709e+00  1.00243775e+00  3.09220641e-03
 -9.93279917e-01  1.00309352e+00 -1.75511420e-03  1.99943711e+00
  9.98105437e-01 -1.35816592e-03 -1.00038443e+00  2.42761418e-03
 -7.99664285e-04 -1.01898399e-03  1.00329025e+00  1.00177376e+00]",[1. 1. 1. 0. 0. 1. 0. 1. 1. 0. 0. 0. 0. 0. 1. 1.],0.001
16,16,0,"[ 9.95211286e-01  2.51362207e-03  3.29699392e-03  1.00239068e+00
  2.02911150e-03 -1.72015848e-04  9.97872241e-01 -2.23441911e-03
  1.00174676e+00 -1.79278647e-03  9.95657549e-01  2.00235895e+00
  1.00748799e+00  1.00268525e+00  5.20794651e-03]",[1. 0. 0. 1. 0. 0. 1. 0. 1. 0. 1. 1. 1. 1. 0.],0.001
17,17,0,"[ 1.00026811e+00  9.98466412e-01  9.97426679e-01  9.55879265e-03
  2.00289773e+00  9.98140632e-01 -8.57902962e-04 -9.98911706e-01
 -1.01874346e-03 -1.00336690e+00  9.95241085e-01 -2.10978441e-03
  9.99472382e-01 -1.95238731e-04  1.00132650e+00  4.09657306e-03
  9.99198462e-01  1.00012501e+00  1.00073878e+00  1.41282235e-03]",[1. 1. 1. 0. 1. 1. 0. 0. 0. 0. 1. 0. 1. 0. 1. 0. 1. 1. 1. 0.],0.001
18,18,0,"[ 1.00029395e+00  1.99732467e+00  1.00521741e+00  9.99085249e-01
  4.15609205e-03  9.96140321e-01 -2.16143571e-03  1.00095118e+00
  1.00080469e+00  9.96604983e-01  2.54421343e-03  1.00388873e+00
 -3.18297058e-04  1.00048937e+00  1.00032998e+00  1.30388467e-03
 -4.41853129e-03 -1.63458795e-03  1.22736059e-03  1.00408752e+00
 -9.11580861e-05]",[1. 1. 1. 1. 0. 1. 0. 1. 1. 1. 0. 1. 0. 1. 1. 0. 0. 0. 0. 1. 0.],0.001
19,19,0,"[ 9.98428072e-01 -2.05614693e-03  9.96608633e-01  1.00204162e+00
  1.00156685e+00  6.95113308e-03  9.96216336e-01  3.56176583e-03
  8.60864344e-04  4.60608045e-03  9.95333407e-01]",[1. 0. 1. 1. 1. 0. 1. 0. 0. 0. 1.],0.001
